ID,Nombre,Apellido,NoDeTelefono
403485,Zoe ,Guezmes Valgrande,7670071820
122199,Efraín ,Portas Cobreros,8818617422
462565,Almudena ,orihuela Paderniga,6825291286
740686,Natali ,Bustillo Ural,7602345228
646812,Inés ,Arnao Caneiro,895202359
825356,Malí ,Tabliega Guiral,6962490422
492969,Bruk ,Amirola Encio,7188309817
811050,Yulma ,Paratorrecilla Leal,6916412896
654427,Ximena ,Herces Soria,8413905763
238164,Nadia ,Cabaña Alaez,7634830371
709323,Oralia  ,Asenjo,7714626123
883377,Yamile ,Gao Juara,7460655779
727079,Edilma ,-,8457767754
491559,Wiliwaldo ,Aldaeta Heyros,7763253657
311936,Aneliesse ,Montalban Acosta,716848052
668454,Ivette ,Antia Cardeiro,8644443542
230786,Everlides ,Cascallana Galdamez,7898671631
250004,Ibire Romero Sierra,-,8873731530
113234,Vislan Calera Perlacia,-,7355231505
588459,Lorena Santotis Raireta,-,6539549440
